<?xml version="1.0" encoding="utf-8"?>
<!--/1083543/392026/2.47/3/4/Diode/-->
<quadcept_library>
  <setting unit="mil" />
  <textstyle name="Default" height="47.244094488189" strokewidth="7.8740157480315" charwidth="47.244094488189" />
  <textstyle name="Dimension" height="19.6850393700787" strokewidth="0" charwidth="19.6850393700787" />
  <textstyle name="H127W0635TH00762" height="50" strokewidth="3" charwidth="25" />
  <textstyle name="H15W15TH02" height="59.0551181102362" strokewidth="7.8740157480315" charwidth="59.0551181102362" />
  <padstyle name="r140_127" surface="True" plated="False" isvia="False" nopaste="False" nomask="True" complex="False" holesize="0">
    <padshape layer="TOP" shape="rectangle" width="49.999999999999" height="55.11811023622" />
    <padshape layer="TOP_SOLDER_MASK" shape="rectangle" width="57.874015748031" height="62.992125984251" />
    <padshape layer="TOP_SOLDER_PASTE" shape="rectangle" width="49.999999999999" height="55.11811023622" />
  </padstyle>
  <padstyle name="r480_472" surface="True" plated="False" isvia="False" nopaste="False" nomask="True" complex="False" holesize="0">
    <padshape layer="TOP" shape="rectangle" width="185.82677165354" height="188.97637795275" />
    <padshape layer="TOP_SOLDER_MASK" shape="rectangle" width="193.70078740157" height="196.85039370078" />
    <padshape layer="TOP_SOLDER_PASTE" shape="rectangle" width="185.82677165354" height="188.97637795275" />
  </padstyle>
  <footprint name="V10PN50M387A" originx="0" originy="0" pickpointx="0" pickpointy="0">
    <pcbpin number="1" name="1" style="r140_127" originx="40.944881889763" originy="-108.85826771653" rotation="90" />
    <pcbpin number="2" name="2" style="r140_127" originx="-40.944881889763" originy="-108.85826771653" rotation="90" />
    <pcbpin number="3" name="3" style="r480_472" originx="0" originy="40.944881889763" rotation="90" />
    <line layer="TOP_ASSEMBLY" originx="-84.645669291338" originy="120.07874015748" endx="84.645669291338" endy="120.07874015748" width="7.8740157480314" />
    <line layer="TOP_ASSEMBLY" originx="84.645669291338" originy="120.07874015748" endx="84.645669291338" endy="-120.07874015748" width="7.8740157480314" />
    <line layer="TOP_ASSEMBLY" originx="84.645669291338" originy="-120.07874015748" endx="-84.645669291338" endy="-120.07874015748" width="7.8740157480314" />
    <line layer="TOP_ASSEMBLY" originx="-84.645669291338" originy="-120.07874015748" endx="-84.645669291338" endy="120.07874015748" width="7.8740157480314" />
    <line layer="TOP_PLACE_BOUND" originx="-133.85826771653" originy="173.22834645669" endx="133.85826771653" endy="173.22834645669" width="3.9370078740157" />
    <line layer="TOP_PLACE_BOUND" originx="133.85826771653" originy="173.22834645669" endx="133.85826771653" endy="-173.22834645669" width="3.9370078740157" />
    <line layer="TOP_PLACE_BOUND" originx="133.85826771653" originy="-173.22834645669" endx="-133.85826771653" endy="-173.22834645669" width="3.9370078740157" />
    <line layer="TOP_PLACE_BOUND" originx="-133.85826771653" originy="-173.22834645669" endx="-133.85826771653" endy="173.22834645669" width="3.9370078740157" />
    <line layer="TOP_SILKSCREEN" originx="-84.645669291338" originy="-118.11023622047" endx="-84.645669291338" endy="-78.740157480314" width="3.9370078740157" />
    <line layer="TOP_SILKSCREEN" originx="84.645669291338" originy="-118.11023622047" endx="84.645669291338" endy="-78.740157480314" width="3.9370078740157" />
    <line layer="TOP_SILKSCREEN" originx="39.370078740157" originy="-149.6062992126" endx="39.370078740157" endy="-149.6062992126" width="7.8740157480314" />
    <arc layer="TOP_SILKSCREEN" originx="39.370078740157" originy="-153.54330708661" startangle="90.0" sweepangle="180.0" radius="3.9370078740157" width="7.8740157480314" />
    <line layer="TOP_SILKSCREEN" originx="39.370078740157" originy="-157.48031496063" endx="39.370078740157" endy="-157.48031496063" width="7.8740157480314" />
    <arc layer="TOP_SILKSCREEN" originx="39.370078740157" originy="-153.54330708661" startangle="-90.0" sweepangle="180.0" radius="3.9370078740157" width="7.8740157480314" />
  </footprint>
  <symbol name="AS4PJ-M3_86A" originx="0" originy="0">
    <line originx="200" originy="100" endx="700" endy="100" width="0" />
    <line originx="700" originy="-200" endx="700" endy="100" width="0" />
    <line originx="700" originy="-200" endx="200" endy="-200" width="0" />
    <line originx="200" originy="100" endx="200" endy="-200" width="0" />
    <sympin number="1" originx="200" originy="-100" rotation="180" length="100" width="7.8740157480315" flipped="False">
      <text name="pinname" originx="230" originy="-100" style="Default" rotation="0" justify="left" flipped="False" hidden="False" data="A_1" />
      <text name="pindes" originx="140" originy="-80" style="Default" rotation="0" justify="lowerright" flipped="False" hidden="False" data="1" />
    </sympin>
    <sympin number="2" originx="200" originy="0" rotation="180" length="100" width="7.8740157480315" flipped="False">
      <text name="pinname" originx="230" originy="0" style="Default" rotation="0" justify="left" flipped="False" hidden="False" data="A_2" />
      <text name="pindes" originx="140" originy="20" style="Default" rotation="0" justify="lowerright" flipped="False" hidden="False" data="2" />
    </sympin>
    <sympin number="3" originx="700" originy="0" rotation="0" length="100" width="7.8740157480315" flipped="False">
      <text name="pinname" originx="670" originy="0" style="Default" rotation="0" justify="right" flipped="False" hidden="False" data="K" />
      <text name="pindes" originx="760" originy="20" style="Default" rotation="0" justify="lowerleft" flipped="False" hidden="False" data="3" />
    </sympin>
  </symbol>
  <component name="AS4PJ-M3_86A" designatorprefix="D" height="47.244094488188" footprint="V10PN50M387A">
    <comppin designator="1" sympin="1" pinswap="0" gateswap="0" gate="1" group="1" side="" type="Any" name="A_1" />
    <comppin designator="2" sympin="2" pinswap="0" gateswap="0" gate="1" group="1" side="" type="Any" name="A_2" />
    <comppin designator="3" sympin="3" pinswap="0" gateswap="0" gate="1" group="1" side="" type="Any" name="K" />
    <attached_symbol gate="1" name="AS4PJ-M3_86A" />
    <pinmap designator="1" footprintpin="1" />
    <pinmap designator="2" footprintpin="2" />
    <pinmap designator="3" footprintpin="3" />
    <text name="Datasheet" originx="0" originy="0" style="Default" rotation="0" justify="" flipped="False" hidden="True" data="http://www.vishay.com/docs/88770/as4pd.pdf" />
    <text name="Description" originx="0" originy="0" style="Default" rotation="0" justify="" flipped="False" hidden="True" data="DIODE AVALANCHE 600V 2.4A TO277A" />
    <text name="Manufacturer_Name" originx="0" originy="0" style="Default" rotation="0" justify="" flipped="False" hidden="True" data="Vishay" />
    <text name="Manufacturer_Part_Number" originx="750" originy="200" style="Default" rotation="0" justify="left" flipped="False" hidden="False" data="AS4PJ-M3/86A" />
    <text name="Mouser Part Number" originx="0" originy="0" style="Default" rotation="0" justify="" flipped="False" hidden="True" data="625-AS4PJ-M3/86A" />
    <text name="Mouser Price/Stock" originx="0" originy="0" style="Default" rotation="0" justify="" flipped="False" hidden="True" data="https://www.mouser.co.uk/ProductDetail/Vishay-Semiconductors/AS4PJ-M3-86A?qs=z5NHsHGj0DEO4GI4Od5axw%3D%3D" />
    <text name="Arrow Part Number" originx="0" originy="0" style="Default" rotation="0" justify="" flipped="False" hidden="True" data="AS4PJ-M3/86A" />
    <text name="Arrow Price/Stock" originx="0" originy="0" style="Default" rotation="0" justify="" flipped="False" hidden="True" data="https://www.arrow.com/en/products/as4pj-m386a/vishay" />
  </component>
</quadcept_library>
