<?xml version="1.0" encoding="utf-8"?>
<!--/1658084/392026/2.47/14/3/Integrated Circuit/-->
<quadcept_library>
  <setting unit="mil" />
  <textstyle name="Default" height="47.244094488189" strokewidth="7.8740157480315" charwidth="47.244094488189" />
  <textstyle name="Dimension" height="19.6850393700787" strokewidth="0" charwidth="19.6850393700787" />
  <textstyle name="H127W0635TH00762" height="50" strokewidth="3" charwidth="25" />
  <textstyle name="H15W15TH02" height="59.0551181102362" strokewidth="7.8740157480315" charwidth="59.0551181102362" />
  <padstyle name="r150_70" surface="True" plated="False" isvia="False" nopaste="False" nomask="True" complex="False" holesize="0">
    <padshape layer="TOP" shape="rectangle" width="27.55905511811" height="59.055118110235" />
    <padshape layer="TOP_SOLDER_MASK" shape="rectangle" width="35.433070866141" height="66.929133858267" />
    <padshape layer="TOP_SOLDER_PASTE" shape="rectangle" width="27.55905511811" height="59.055118110235" />
  </padstyle>
  <footprint name="SOIC127P600X175-14N" originx="0" originy="0" pickpointx="0" pickpointy="0">
    <pcbpin number="1" name="1" style="r150_70" originx="-106.29921259842" originy="150" rotation="90" />
    <pcbpin number="2" name="2" style="r150_70" originx="-106.29921259842" originy="99.999999999999" rotation="90" />
    <pcbpin number="3" name="3" style="r150_70" originx="-106.29921259842" originy="49.999999999999" rotation="90" />
    <pcbpin number="4" name="4" style="r150_70" originx="-106.29921259842" originy="0" rotation="90" />
    <pcbpin number="5" name="5" style="r150_70" originx="-106.29921259842" originy="-49.999999999999" rotation="90" />
    <pcbpin number="6" name="6" style="r150_70" originx="-106.29921259842" originy="-99.999999999999" rotation="90" />
    <pcbpin number="7" name="7" style="r150_70" originx="-106.29921259842" originy="-150" rotation="90" />
    <pcbpin number="8" name="8" style="r150_70" originx="106.29921259842" originy="-150" rotation="90" />
    <pcbpin number="9" name="9" style="r150_70" originx="106.29921259842" originy="-99.999999999999" rotation="90" />
    <pcbpin number="10" name="10" style="r150_70" originx="106.29921259842" originy="-49.999999999999" rotation="90" />
    <pcbpin number="11" name="11" style="r150_70" originx="106.29921259842" originy="0" rotation="90" />
    <pcbpin number="12" name="12" style="r150_70" originx="106.29921259842" originy="49.999999999999" rotation="90" />
    <pcbpin number="13" name="13" style="r150_70" originx="106.29921259842" originy="99.999999999999" rotation="90" />
    <pcbpin number="14" name="14" style="r150_70" originx="106.29921259842" originy="150" rotation="90" />
    <line layer="TOP_PLACE_BOUND" originx="-145.66929133858" originy="182.08661417323" endx="145.66929133858" endy="182.08661417323" width="1.9685039370079" />
    <line layer="TOP_PLACE_BOUND" originx="145.66929133858" originy="182.08661417323" endx="145.66929133858" endy="-182.08661417323" width="1.9685039370079" />
    <line layer="TOP_PLACE_BOUND" originx="145.66929133858" originy="-182.08661417323" endx="-145.66929133858" endy="-182.08661417323" width="1.9685039370079" />
    <line layer="TOP_PLACE_BOUND" originx="-145.66929133858" originy="-182.08661417323" endx="-145.66929133858" endy="182.08661417323" width="1.9685039370079" />
    <line layer="TOP_ASSEMBLY" originx="-76.771653543306" originy="169.76377952756" endx="76.771653543306" endy="169.76377952756" width="3.9370078740157" />
    <line layer="TOP_ASSEMBLY" originx="76.771653543306" originy="169.76377952756" endx="76.771653543306" endy="-169.76377952756" width="3.9370078740157" />
    <line layer="TOP_ASSEMBLY" originx="76.771653543306" originy="-169.76377952756" endx="-76.771653543306" endy="-169.76377952756" width="3.9370078740157" />
    <line layer="TOP_ASSEMBLY" originx="-76.771653543306" originy="-169.76377952756" endx="-76.771653543306" endy="169.76377952756" width="3.9370078740157" />
    <line layer="TOP_ASSEMBLY" originx="-76.771653543306" originy="119.76377952756" endx="-26.771653543307" endy="169.76377952756" width="3.9370078740157" />
    <line layer="TOP_SILKSCREEN" originx="-62.992125984251" originy="169.76377952756" endx="62.992125984251" endy="169.76377952756" width="7.8740157480314" />
    <line layer="TOP_SILKSCREEN" originx="62.992125984251" originy="169.76377952756" endx="62.992125984251" endy="-169.76377952756" width="7.8740157480314" />
    <line layer="TOP_SILKSCREEN" originx="62.992125984251" originy="-169.76377952756" endx="-62.992125984251" endy="-169.76377952756" width="7.8740157480314" />
    <line layer="TOP_SILKSCREEN" originx="-62.992125984251" originy="-169.76377952756" endx="-62.992125984251" endy="169.76377952756" width="7.8740157480314" />
    <line layer="TOP_SILKSCREEN" originx="-135.82677165354" originy="177.55905511811" endx="-76.771653543306" endy="177.55905511811" width="7.8740157480314" />
  </footprint>
  <symbol name="FAD7191M1X" originx="0" originy="0">
    <line originx="200" originy="100" endx="900" endy="100" width="0" />
    <line originx="900" originy="-700" endx="900" endy="100" width="0" />
    <line originx="900" originy="-700" endx="200" endy="-700" width="0" />
    <line originx="200" originy="100" endx="200" endy="-700" width="0" />
    <sympin number="1" originx="200" originy="0" rotation="180" length="100" width="7.8740157480315" flipped="False">
      <text name="pinname" originx="230" originy="0" style="Default" rotation="0" justify="left" flipped="False" hidden="False" data="HIN" />
      <text name="pindes" originx="140" originy="20" style="Default" rotation="0" justify="lowerright" flipped="False" hidden="False" data="1" />
    </sympin>
    <sympin number="2" originx="200" originy="-100" rotation="180" length="100" width="7.8740157480315" flipped="False">
      <text name="pinname" originx="230" originy="-100" style="Default" rotation="0" justify="left" flipped="False" hidden="False" data="LIN" />
      <text name="pindes" originx="140" originy="-80" style="Default" rotation="0" justify="lowerright" flipped="False" hidden="False" data="2" />
    </sympin>
    <sympin number="3" originx="200" originy="-200" rotation="180" length="100" width="7.8740157480315" flipped="False">
      <text name="pinname" originx="230" originy="-200" style="Default" rotation="0" justify="left" flipped="False" hidden="False" data="VSS" />
      <text name="pindes" originx="140" originy="-180" style="Default" rotation="0" justify="lowerright" flipped="False" hidden="False" data="3" />
    </sympin>
    <sympin number="4" originx="200" originy="-300" rotation="180" length="100" width="7.8740157480315" flipped="False">
      <text name="pinname" originx="230" originy="-300" style="Default" rotation="0" justify="left" flipped="False" hidden="False" data="EN" />
      <text name="pindes" originx="140" originy="-280" style="Default" rotation="0" justify="lowerright" flipped="False" hidden="False" data="4" />
    </sympin>
    <sympin number="5" originx="200" originy="-400" rotation="180" length="100" width="7.8740157480315" flipped="False">
      <text name="pinname" originx="230" originy="-400" style="Default" rotation="0" justify="left" flipped="False" hidden="False" data="COM" />
      <text name="pindes" originx="140" originy="-380" style="Default" rotation="0" justify="lowerright" flipped="False" hidden="False" data="5" />
    </sympin>
    <sympin number="6" originx="200" originy="-500" rotation="180" length="100" width="7.8740157480315" flipped="False">
      <text name="pinname" originx="230" originy="-500" style="Default" rotation="0" justify="left" flipped="False" hidden="False" data="LO" />
      <text name="pindes" originx="140" originy="-480" style="Default" rotation="0" justify="lowerright" flipped="False" hidden="False" data="6" />
    </sympin>
    <sympin number="7" originx="200" originy="-600" rotation="180" length="100" width="7.8740157480315" flipped="False">
      <text name="pinname" originx="230" originy="-600" style="Default" rotation="0" justify="left" flipped="False" hidden="False" data="VDD" />
      <text name="pindes" originx="140" originy="-580" style="Default" rotation="0" justify="lowerright" flipped="False" hidden="False" data="7" />
    </sympin>
    <sympin number="14" originx="900" originy="0" rotation="0" length="100" width="7.8740157480315" flipped="False">
      <text name="pinname" originx="870" originy="0" style="Default" rotation="0" justify="right" flipped="False" hidden="False" data="NC_4" />
      <text name="pindes" originx="960" originy="20" style="Default" rotation="0" justify="lowerleft" flipped="False" hidden="False" data="14" />
    </sympin>
    <sympin number="13" originx="900" originy="-100" rotation="0" length="100" width="7.8740157480315" flipped="False">
      <text name="pinname" originx="870" originy="-100" style="Default" rotation="0" justify="right" flipped="False" hidden="False" data="VB" />
      <text name="pindes" originx="960" originy="-80" style="Default" rotation="0" justify="lowerleft" flipped="False" hidden="False" data="13" />
    </sympin>
    <sympin number="12" originx="900" originy="-200" rotation="0" length="100" width="7.8740157480315" flipped="False">
      <text name="pinname" originx="870" originy="-200" style="Default" rotation="0" justify="right" flipped="False" hidden="False" data="HO" />
      <text name="pindes" originx="960" originy="-180" style="Default" rotation="0" justify="lowerleft" flipped="False" hidden="False" data="12" />
    </sympin>
    <sympin number="11" originx="900" originy="-300" rotation="0" length="100" width="7.8740157480315" flipped="False">
      <text name="pinname" originx="870" originy="-300" style="Default" rotation="0" justify="right" flipped="False" hidden="False" data="VS" />
      <text name="pindes" originx="960" originy="-280" style="Default" rotation="0" justify="lowerleft" flipped="False" hidden="False" data="11" />
    </sympin>
    <sympin number="10" originx="900" originy="-400" rotation="0" length="100" width="7.8740157480315" flipped="False">
      <text name="pinname" originx="870" originy="-400" style="Default" rotation="0" justify="right" flipped="False" hidden="False" data="NC_3" />
      <text name="pindes" originx="960" originy="-380" style="Default" rotation="0" justify="lowerleft" flipped="False" hidden="False" data="10" />
    </sympin>
    <sympin number="9" originx="900" originy="-500" rotation="0" length="100" width="7.8740157480315" flipped="False">
      <text name="pinname" originx="870" originy="-500" style="Default" rotation="0" justify="right" flipped="False" hidden="False" data="NC_2" />
      <text name="pindes" originx="960" originy="-480" style="Default" rotation="0" justify="lowerleft" flipped="False" hidden="False" data="9" />
    </sympin>
    <sympin number="8" originx="900" originy="-600" rotation="0" length="100" width="7.8740157480315" flipped="False">
      <text name="pinname" originx="870" originy="-600" style="Default" rotation="0" justify="right" flipped="False" hidden="False" data="NC_1" />
      <text name="pindes" originx="960" originy="-580" style="Default" rotation="0" justify="lowerleft" flipped="False" hidden="False" data="8" />
    </sympin>
  </symbol>
  <component name="FAD7191M1X" designatorprefix="IC" height="68.897637795275" footprint="SOIC127P600X175-14N">
    <comppin designator="1" sympin="1" pinswap="0" gateswap="0" gate="1" group="1" side="" type="Any" name="HIN" />
    <comppin designator="2" sympin="2" pinswap="0" gateswap="0" gate="1" group="1" side="" type="Any" name="LIN" />
    <comppin designator="3" sympin="3" pinswap="0" gateswap="0" gate="1" group="1" side="" type="Any" name="VSS" />
    <comppin designator="4" sympin="4" pinswap="0" gateswap="0" gate="1" group="1" side="" type="Any" name="EN" />
    <comppin designator="5" sympin="5" pinswap="0" gateswap="0" gate="1" group="1" side="" type="Any" name="COM" />
    <comppin designator="6" sympin="6" pinswap="0" gateswap="0" gate="1" group="1" side="" type="Any" name="LO" />
    <comppin designator="7" sympin="7" pinswap="0" gateswap="0" gate="1" group="1" side="" type="Any" name="VDD" />
    <comppin designator="8" sympin="8" pinswap="0" gateswap="0" gate="1" group="1" side="" type="Any" name="NC_1" />
    <comppin designator="9" sympin="9" pinswap="0" gateswap="0" gate="1" group="1" side="" type="Any" name="NC_2" />
    <comppin designator="10" sympin="10" pinswap="0" gateswap="0" gate="1" group="1" side="" type="Any" name="NC_3" />
    <comppin designator="11" sympin="11" pinswap="0" gateswap="0" gate="1" group="1" side="" type="Any" name="VS" />
    <comppin designator="12" sympin="12" pinswap="0" gateswap="0" gate="1" group="1" side="" type="Any" name="HO" />
    <comppin designator="13" sympin="13" pinswap="0" gateswap="0" gate="1" group="1" side="" type="Any" name="VB" />
    <comppin designator="14" sympin="14" pinswap="0" gateswap="0" gate="1" group="1" side="" type="Any" name="NC_4" />
    <attached_symbol gate="1" name="FAD7191M1X" />
    <pinmap designator="1" footprintpin="1" />
    <pinmap designator="2" footprintpin="2" />
    <pinmap designator="3" footprintpin="3" />
    <pinmap designator="4" footprintpin="4" />
    <pinmap designator="5" footprintpin="5" />
    <pinmap designator="6" footprintpin="6" />
    <pinmap designator="7" footprintpin="7" />
    <pinmap designator="8" footprintpin="8" />
    <pinmap designator="9" footprintpin="9" />
    <pinmap designator="10" footprintpin="10" />
    <pinmap designator="11" footprintpin="11" />
    <pinmap designator="12" footprintpin="12" />
    <pinmap designator="13" footprintpin="13" />
    <pinmap designator="14" footprintpin="14" />
    <text name="Datasheet" originx="0" originy="0" style="Default" rotation="0" justify="" flipped="False" hidden="True" data="http://www.onsemi.com/pub/Collateral/FAN7191_F085-D.PDF" />
    <text name="Description" originx="0" originy="0" style="Default" rotation="0" justify="" flipped="False" hidden="True" data="AUTOMOTIVE HVIC" />
    <text name="Manufacturer_Name" originx="0" originy="0" style="Default" rotation="0" justify="" flipped="False" hidden="True" data="ON Semiconductor" />
    <text name="Manufacturer_Part_Number" originx="950" originy="200" style="Default" rotation="0" justify="left" flipped="False" hidden="False" data="FAD7191M1X" />
    <text name="Mouser Part Number" originx="0" originy="0" style="Default" rotation="0" justify="" flipped="False" hidden="True" data="863-FAD7191M1X" />
    <text name="Mouser Price/Stock" originx="0" originy="0" style="Default" rotation="0" justify="" flipped="False" hidden="True" data="https://www.mouser.co.uk/ProductDetail/ON-Semiconductor/FAD7191M1X?qs=byeeYqUIh0P3CeTOb9fCLQ%3D%3D" />
    <text name="Arrow Part Number" originx="0" originy="0" style="Default" rotation="0" justify="" flipped="False" hidden="True" data="" />
    <text name="Arrow Price/Stock" originx="0" originy="0" style="Default" rotation="0" justify="" flipped="False" hidden="True" data="" />
  </component>
</quadcept_library>
